Investor_Name,Type,Locations,Check_Size_Min,Check_Size_Max,Stage,Requirements,Industries,Website,Logo_URL
Singtel Innov8,Corporate VC,"Singapore, Australia+3",1000000,5000000,"3. Early Revenue, 4. Scaling+1","We invest in 5G Enterprise & Applications, Data Privacy & Security, New Emerging...",,https://www.openvc.app/fund/Singtel%20Innov8,https://www.openvc.app/images/funds/recC8lr96CV1A7h2P.jpg
NextUnicorn.Fund,VC firm,"USA, India",25000,500000,"1. Idea or Patent, 2. Prototype+3","We invest in AI & tech enabled StartUp's & industry agnostic. We are a high-conviction, tech-enabled Pre-seed /...",,https://www.openvc.app/fund/NextUnicorn.Fund,https://www.openvc.app/images/funds/rect9BIF8LR5UoYMJ.jpg
Capital Factory,VC firm,USA,25000,200000,"2. Prototype, 3. Early Revenue+1","We invest in US-based technology companies where we can add additional value through our help with customer, employee,...",,https://www.openvc.app/fund/Capital%20Factory,https://www.openvc.app/images/funds/recWrFydM5qmGnARr.jpg
Orange Ventures,Corporate VC,"Cameroon, Central African Republic+42",500000,20000000,"3. Early Revenue, 4. Scaling+1",We invest in European and North American series B/C startups. We also support Seed and Series A impact investing...,,https://www.openvc.app/fund/Orange%20Ventures,https://www.openvc.app/images/funds/recpFa2HqFSlIZ4Mc.jpg
Colin Weston,Solo angel,"Switzerland, UK",10000,50000,"2. Prototype, 3. Early Revenue+1","I invest in fintech, regtech, legaltech, proptech",,https://www.openvc.app/fund/Colin%20Weston,https://www.openvc.app/images/funds/recJBoUbSuaEAbz1C.jpg
500 Istanbul,VC firm,"Turkey, Poland+18",150000,1000000,"2. Prototype, 3. Early Revenue","We invest in globally-focused seed stage startups with teams in Turkey, Eastern Europe and the...",,https://www.openvc.app/fund/500%20Istanbul,https://www.openvc.app/images/funds/recC4Yx4ZSzwjrRD3.jpg
Jeeny,Corporate VC,"India, Pakistan+9",50000,5000000,"3. Early Revenue, 4. Scaling","We invest in startups in Post-Seed and Pre-Series A stages that have created tangible momentum in ride-hailing,...",,https://www.openvc.app/fund/Jeeny,https://www.openvc.app/images/funds/recM7yg9hvjhj9Or0.jpg
LvlUp Ventures,Corporate VC,"Canada, USA+11",200000,1000000,"1. Idea or Patent, 2. Prototype+2",We invest in startups with early traction (industry-agnostic) - preferred mature seed companies with 50K min...,,https://www.openvc.app/fund/LvlUp%20Ventures,https://www.openvc.app/images/funds/recrw4qRk7OgQg3RF.jpg
Jared Luegers,Solo angel,USA,1000,50000,"1. Idea or Patent, 2. Prototype+1",I invest in Midwest-based startups.,,https://www.openvc.app/fund/Jared%20Luegers,https://www.openvc.app/images/funds/recc2vJkbogHtY97E.jpg
Michael Broome,Solo angel,USA,25000,500000,"1. Idea or Patent, 2. Prototype+1",I invest in opportunities where I can combine my entrepreneurial and investing experience to help founders build...,,https://www.openvc.app/fund/Michael%20Broome,https://www.openvc.app/images/funds/recXn4vEpvYrjDJbM.jpg
gAI Ventures,Startup studio,"USA, India",100000,100000,1. Idea or Patent,We incubate vertical AI products with domain experts in financial services and insurance (FSI)...,,https://www.openvc.app/fund/gAI%20Ventures,https://www.openvc.app/images/funds/recPYbjMSLZ9j1qwP.jpg
MediaTech Hub Accelera...,"Incubator, Accelerator",Germany,N/A,,"1. Idea or Patent, 2. Prototype+1",We invest in Media Tech,,https://www.openvc.app/fund/MediaTech%20Hub%20Accelerator,https://www.openvc.app/images/funds/reccDx4WUPPneO2hJ.jpg
Ascentro Capital Partn...,PE fund,"New Zealand, USA+1",5000000,100000000,5. Growth,"We invest in AI, Fintech, Cybersecurity, Health, Hardware, Ecommerce, Marketplaces, Education, Enterprise, Childcare,...",,https://www.openvc.app/fund/Ascentro%20Capital%20Partners,https://www.openvc.app/images/funds/rec2FUcTVMjO6h7MI.jpg
Amit Gogia,Solo angel,India,10000,25000,"3. Early Revenue, 4. Scaling",I invest in ventures building at the intersection of consumer and healthcare focussed on India. Current portfolio is a...,,https://www.openvc.app/fund/Amit%20Gogia,https://www.openvc.app/images/funds/rec6XKylJl6ROgvV8.jpg
HTGF High-Tech Gründe...,VC firm,"Austria, Belgium+9",300000,1000000,"2. Prototype, 3. Early Revenue","We invest in early-stage companies with focus on B2B SaaS models, but also look into other opportunities. The venture...",,https://www.openvc.app/fund/HTGF%20High-Tech%20Gr%C3%BCnderfonds,https://www.openvc.app/images/funds/rectoRcYjkV5yvPS2.jpg
Haatch,VC firm,UK,150000,620000,"1. Idea or Patent, 2. Prototype+1",We invest in UK-based B2B SaaS pre-seed or seed stage start-ups. Haatch is industry-agnostic with a portfolio across...,,https://www.openvc.app/fund/Haatch,https://www.openvc.app/images/funds/recTJ7TAoarqUxEbX.jpg
Cambridge Innovation C...,VC firm,UK,1000000,10000000,"2. Prototype, 3. Early Revenue+2","We invest in all things deeptech: AI, robotics, quantum, software, fusion, cleantech. And in all things Life Sciences:...",,https://www.openvc.app/fund/Cambridge%20Innovation%20Capital,https://www.openvc.app/images/funds/recCe1xbKRJDKtnKP.jpg
OVC Ventures,Angel network,"UK, USA+25",150000,1.5000000,"3. Early Revenue, 4. Scaling+1","We invest in all sectors, move fast (two weeks), have a high preference for startups that can demonstrate initial...",,https://www.openvc.app/fund/OVC%20Ventures,https://www.openvc.app/images/funds/recTPpyulE0uJpv8E.jpg
Team8,VC firm,Israel,1000000,20000000,"1. Idea or Patent, 2. Prototype+2","We invest in, Cyber, FinTech, Enterprise Applications, Infrastructure & DevOps",,https://www.openvc.app/fund/Team8,https://www.openvc.app/images/funds/recBs6XhJsM1Fy0YE.jpg
J&T Ventures,VC firm,Czech Republic,300000,3000000,"1. Idea or Patent, 2. Prototype+1",We invest in companies at seed stage with proven product-market fit.,,https://www.openvc.app/fund/J%26T%20Ventures,https://www.openvc.app/images/funds/recBlTk9lpUKjQZp7.jpg
